{
  "title": "Sample Response Form Title",
  "visibility": "All",
  "expiry": 4070908800000,
  "isAnonymous": false,
  "isResponseAppended": true,
  "isLocationRequested": false,
  "questions": [{
      "title": "Text Question",
      "type": "Text"
    },
    {
      "title": "Numeric Question",
      "type": "Numeric"
    },
    {
      "title": "SingleSelect Question",
      "type": "SingleSelect",
      "options": [{
          "title": "SingleSelect Option1"
        },
        {
          "title": "SingleSelect Option2"
        },
        {
          "title": "SingleSelect Option3"
        }
      ]
    },
    {
      "title": "MultiSelect Question",
      "type": "MultiSelect",
      "options": [{
          "title": "MultiSelect Option1"
        },
        {
          "title": "MultiSelect Option2"
        },
        {
          "title": "MultiSelect Option3"
        }
      ]
    },
    {
      "title": "Image Question",
      "type": "Image"
    },
    {
      "title": "Name",
      "type": "Text"
    },
    {
      "title": "Phone No",
      "type": "Text"
    },
    {
      "title": "Location",
      "type": "Location"
    },
    {
      "title": "Response Time",
      "type": "DateTime"
    }
  ]
}