{
	"strMiniAppTitle": "Sample Response Card",
	"Text Question": "Sample Text Question",
	"Numeric Question": "Sample Numeric Question",
	"strTapToEnter": "Tap to enter",
	"SingleSelect Question": "Sample Single Select Question",
	"MultiSelect Question": "Sample Multi Select Question",
	"Image Question": "Sample Image Question",
	"Name": "Name",
	"Phone No": "Phone Number",
	"Location": "Location",
	"strSelectYourResponse": "Select your reponse",
	"SingleSelect Option1": "SingleSelect Option1",
	"SingleSelect Option2": "SingleSelect Option2",
	"SingleSelect Option3": "SingleSelect Option3",
	"MultiSelect Option1": "MultiSelect Option1",
	"MultiSelect Option2": "MultiSelect Option2",
	"MultiSelect Option3": "MultiSelect Option3",
	"strMiniAppYourDetails": "Your Details",
	"strNoLocationLabel": "Due to poor network connectivity, your location could not be fetched",
	"strRefreshLabel": "REFRESH",
	"strMiniAppLocationNetworkWarningLabel": "Due to poor network connectivity, your location map could not be fetched. Your location co-ordinates will be shared instead",
	"strMiniAppLoadingLabel": "Please wait while we are trying to fetch your location",
	"strNoLocationAlertLabel": "Location not found. Please ensure that you have turned on location services and provided Kaizala the location permission. Tap on refresh below to try fetching location again",
	"strProgressTextLabel": "{0} of {1}",
	"strConnectGroupName": "Need To change",
	"strMiniAppHeaderTimeLabel": "Created by you at {0}",
	"strSendResponseLabel": "SUBMIT"
}