{
    "schemaVersion": 1,
    "schema": {
        "type": "container",
        "initialHeight": 300,
        "layout": "vertical",
        "children": [{
                "type": "image",
                "height": 300,
                "backgroundColor": "#f5f5f5",
                "source": "${Form.properties[FinalImage].value}",
                "contentMode": "aspectFit"
            },
            {
                "type": "text",
                "paddingLeft": 10,
                "paddingRight": 10,
                "textColor": "#32495f",
                "string": "${Form.properties[TellUsMoreText].value}",
                "fontSize": 16,
                "textAlignment": "left",
                "maxNumberOfLines": 4,
                "marginBottom": 0
            }
        ]
    }
}