{
    "schemaVersion": 1,
    "schema": {
        "type": "container",
        "initialHeight": 300,
        "layout": "vertical",
        "children": [{
                "type": "image",
                "height": 180,
                "paddingBottom": 10,
                "source": "${Form.properties[coverImage].value}",
                "contentMode": "aspectFill"
            },
            {
                "type": "text",
                "layout": "horizontal",
                "marginTop": 5,
                "paddingLeft": 10,
                "paddingRight": 10,
                "string": "${Form.properties[question].value} ",
                "fontSize": 20,
                "textColor": "#000000",
                "textAlignment": "left",
                "maxNumberOfLines": 2,
                "ellipsizeMode": "tail"
            },
            {
                "type": "view",
                "layout": "horizontal",
                "width": 50,
                "height": 2,
                "marginTop": 5,
                "backgroundColor": "#0078d4"
            },
            {
                "type": "text",
                "marginTop": 5,
                "paddingLeft": 10,
                "paddingRight": 10,
                "string": "${Form.properties[lastResponder].value}",
                "fontSize": 15,
                "textColor": "#cccccc",
                "maxNumberOfLines": 1,
                "ellipsizeMode": "tail"
            },
            {
                "type": "text",
                "marginTop": 5,
                "paddingLeft": 10,
                "paddingRight": 10,
                "string": "${Form.properties[recentAnswer].value}",
                "fontSize": 15,
                "textColor": "#32485f",
                "maxNumberOfLines": 2,
                "ellipsizeMode": "tail"
            }
        ]
    }
}