{
    "displayName": "Q&A",
    "submitButton": "Post Question",
    "inputQuesPlaceholder": "What do you want to ask?",
    "askedBy": "Asked by",
    "answerHeader": "Answers",
    "noAnswer": "No Answers Yet",
    "inputAnswerPlaceholder": "Write an answer",
    "refresh": "Refresh",
    "responseSending": "Answer Submitting",
    "responseFailed": "Answer Submission failed",
    "responded": "Answer Submitted",
    "anotherResponse": "Add another answer",
    "respondToForm": "Answer",
    "backDialogDescriptionText": "Are you sure you want to discard?",
    "recentAnswerFrom": "Recent answer from ",
    "errorMessageTitle": "Q&A",
    "errorMessageSubtitle": "Something went wrong. Please try again.",
    "Ok": "OK",
    "AnswerNotification": "An answer is added to your question !",
    "NoNetwork": "No internet connection. Please connect to the internet and try again"
}