{"name":"379d9c7b-5a7e-43cf-9ece-5010de393e5c","id":"/providers/Microsoft.Flow/flows/379d9c7b-5a7e-43cf-9ece-5010de393e5c","type":"Microsoft.Flow/flows","properties":{"apiId":"/providers/Microsoft.PowerApps/apis/shared_logicflows","displayName":"Auto post Twitter Updates to Kaizala","definition":{"metadata":{"workflowEntityId":null,"creator":{"id":"d927f5a5-5d26-4631-842a-abec476f0eb6","type":"User","tenantId":"4a30b63f-d4c0-45c6-a020-38ea5c04e958"},"provisioningMethod":"FromDefinition","failureAlertSubscription":true,"clientLastModifiedTime":"2019-01-10T04:53:25.8166481Z"},"$schema":"https://schema.management.azure.com/providers/Microsoft.Logic/schemas/2016-06-01/workflowdefinition.json#","contentVersion":"1.0.0.0","parameters":{"$connections":{"defaultValue":{},"type":"Object"},"$authentication":{"defaultValue":{},"type":"SecureObject"}},"triggers":{"When_a_new_tweet_is_posted":{"recurrence":{"interval":1,"frequency":"Minute"},"splitOn":"@triggerBody()?['value']","metadata":{"flowSystemMetadata":{"swaggerOperationId":"OnNewTweet"}},"type":"ApiConnection","inputs":{"host":{"connection":{"name":"@parameters('$connections')['shared_twitter']['connectionId']"},"api":{"runtimeUrl":"https://india-001.azure-apim.net/apim/twitter"}},"method":"get","path":"/onnewtweet","queries":{"searchQuery":"from:@InsideFabrikam OR #EmployeeEngagement"},"authentication":"@parameters('$authentication')"},"description":"Configure Twitter handle name or specific tags"}},"actions":{"Post_announcement_to_specified_group":{"runAfter":{"Apply_to_each":["Succeeded"]},"metadata":{"flowSystemMetadata":{"swaggerOperationId":"SendActions_v2"}},"type":"ApiConnection","inputs":{"host":{"connection":{"name":"@parameters('$connections')['shared_kaizala']['connectionId']"},"api":{"runtimeUrl":"https://india-001.azure-apim.net/apim/kaizala"}},"method":"post","body":{"actionBody":{"Message":"@variables('AnnouncementBody')","Title":"InsideFabrikam","MediaResources":"@{join(variables('ImageMediaResource'),',')}"}},"path":"/groups/@{encodeURIComponent('9f48a568-7bfd-4f52-ad84-f1d7c06c16b0')}/actions","queries":{"actionType":"announcement"},"authentication":"@parameters('$authentication')"},"description":"Configure Group to send the announcement; also configure announcement title and body"},"Initialize_variable_ImageMediaResource":{"runAfter":{},"type":"InitializeVariable","inputs":{"variables":[{"name":"ImageMediaResource","type":"Array"}]}},"Initialize_variable_OriginalTweetMediaArray":{"runAfter":{"Initialize_variable_ImageMediaResource":["Succeeded"]},"type":"InitializeVariable","inputs":{"variables":[{"name":"OriginalTweetMediaArray","type":"Array"}]}},"Apply_to_each":{"foreach":"@variables('OriginalTweetMediaArray')","actions":{"Append_to_array_variable_ImageMediaResource":{"runAfter":{"Upload_media_from_url":["Succeeded"]},"type":"AppendToArrayVariable","inputs":{"name":"ImageMediaResource","value":"@body('Upload_media_from_url')?['mediaResource']"}},"Upload_media_from_url":{"runAfter":{},"metadata":{"flowSystemMetadata":{"swaggerOperationId":"UploadMediaFromURL"}},"type":"ApiConnection","inputs":{"host":{"connection":{"name":"@parameters('$connections')['shared_kaizala']['connectionId']"},"api":{"runtimeUrl":"https://india-001.azure-apim.net/apim/kaizala"}},"method":"post","body":{"mediaUrl":"@{items('Apply_to_each')}"},"path":"/v1/media/url","authentication":"@parameters('$authentication')"}}},"runAfter":{"Check_if_the_tweet_is_a_retweet":["Succeeded"]},"type":"Foreach"},"Check_if_the_tweet_is_a_retweet":{"actions":{"Set_variable_OriginalTweetMediaArray_with_original_Tweet_Media-URLs":{"runAfter":{},"type":"SetVariable","inputs":{"name":"OriginalTweetMediaArray","value":"@triggerBody()?['OriginalTweet']?['MediaUrls']"}}},"runAfter":{"Initialize_variable_AnnouncementBody":["Succeeded"]},"else":{"actions":{"Set_variable_OriginalTweetMediaArray_with_Tweet_Media-URLs":{"runAfter":{},"type":"SetVariable","inputs":{"name":"OriginalTweetMediaArray","value":"@triggerBody()?['MediaUrls']"}}}},"expression":"@startsWith(triggerBody()?['TweetText'], 'RT')","type":"If"},"Initialize_variable_AnnouncementBody":{"runAfter":{"Initialize_variable_OriginalTweetMediaArray":["Succeeded"]},"type":"InitializeVariable","inputs":{"variables":[{"name":"AnnouncementBody","type":"String","value":"@{triggerBody()?['TweetText']}  "}]}}}},"connectionReferences":{"shared_kaizala":{"connectionName":"shared-kaizala-049ead14-3709-47d9-9aae-ce3fc1d5d6c9","source":"Embedded","id":"/providers/Microsoft.PowerApps/apis/shared_kaizala","tier":"NotSpecified"},"shared_twitter":{"connectionName":"88a9a6f4ccf34507b0459e6bdec57383","source":"Embedded","id":"/providers/Microsoft.PowerApps/apis/shared_twitter","tier":"NotSpecified"}},"flowFailureAlertSubscribed":false}}