{"name":"e61efd0a-ddba-4a34-b45e-38967e4937ca","id":"/providers/Microsoft.Flow/flows/e61efd0a-ddba-4a34-b45e-38967e4937ca","type":"Microsoft.Flow/flows","properties":{"apiId":"/providers/Microsoft.PowerApps/apis/shared_logicflows","displayName":"Sending Kaizala announcement from Sharepoint announcement app","definition":{"metadata":{"workflowEntityId":null,"creator":{"id":"173d5386-38a3-4c0f-b682-2a5fed72fe89","type":"User","tenantId":"72f988bf-86f1-41af-91ab-2d7cd011db47"},"provisioningMethod":"FromDefinition","failureAlertSubscription":true,"clientLastModifiedTime":"2018-12-12T10:56:10.3157951Z"},"$schema":"https://schema.management.azure.com/providers/Microsoft.Logic/schemas/2016-06-01/workflowdefinition.json#","contentVersion":"1.0.0.0","parameters":{"$connections":{"defaultValue":{},"type":"Object"},"$authentication":{"defaultValue":{},"type":"SecureObject"}},"triggers":{"When_an_item_is_created_or_modified":{"recurrence":{"interval":1,"frequency":"Minute"},"splitOn":"@triggerBody()?['value']","metadata":{"flowSystemMetadata":{"swaggerOperationId":"GetOnUpdatedItems"}},"type":"ApiConnection","inputs":{"host":{"api":{"runtimeUrl":"https://firstrelease-001.azure-apim.net/apim/sharepointonline"},"connection":{"name":"@parameters('$connections')['shared_sharepointonline']['connectionId']"}},"method":"get","path":"/datasets/@{encodeURIComponent(encodeURIComponent('https://contoso.sharepoint.com/teams/TeamAnnouncementsSite'))}/tables/@{encodeURIComponent(encodeURIComponent('00000000-0000-0000-0000-000000000000'))}/onupdateditems","authentication":"@parameters('$authentication')"},"description":"Configure site address and list name."}},"actions":{"Initialize_variable_ImageMediaResource":{"runAfter":{"Initialize_variable_ListId":["Succeeded"]},"type":"InitializeVariable","inputs":{"variables":[{"name":"ImageMediaResource","type":"Array"}]}},"Check_if_list_item_has_any_attachments":{"actions":{"Get_attachments":{"runAfter":{},"metadata":{"flowSystemMetadata":{"swaggerOperationId":"GetItemAttachments"}},"type":"ApiConnection","inputs":{"host":{"api":{"runtimeUrl":"https://firstrelease-001.azure-apim.net/apim/sharepointonline"},"connection":{"name":"@parameters('$connections')['shared_sharepointonline']['connectionId']"}},"method":"get","path":"/datasets/@{encodeURIComponent(encodeURIComponent(variables('SiteAddress')))}/tables/@{encodeURIComponent(encodeURIComponent(variables('ListId')))}/items/@{encodeURIComponent(encodeURIComponent(triggerBody()?['ID']))}/attachments","authentication":"@parameters('$authentication')"},"description":"Get attachments of the item added to the list."},"Apply_to_each":{"foreach":"@body('Get_attachments')","actions":{"Get_attachment_content":{"runAfter":{},"metadata":{"flowSystemMetadata":{"swaggerOperationId":"GetAttachmentContent"}},"type":"ApiConnection","inputs":{"host":{"api":{"runtimeUrl":"https://firstrelease-001.azure-apim.net/apim/sharepointonline"},"connection":{"name":"@parameters('$connections')['shared_sharepointonline']['connectionId']"}},"method":"get","path":"/datasets/@{encodeURIComponent(encodeURIComponent(variables('SiteAddress')))}/tables/@{encodeURIComponent(encodeURIComponent(variables('ListId')))}/items/@{encodeURIComponent(encodeURIComponent(triggerBody()?['ID']))}/attachments/@{encodeURIComponent(items('Apply_to_each')?['Id'])}/$value","authentication":"@parameters('$authentication')"}},"Upload_media_from_attachment":{"runAfter":{"Get_attachment_content":["Succeeded"]},"metadata":{"flowSystemMetadata":{"swaggerOperationId":"UploadMediaFromAttachment"}},"type":"ApiConnection","inputs":{"host":{"api":{"runtimeUrl":"https://firstrelease-001.azure-apim.net/apim/kaizala"},"connection":{"name":"@parameters('$connections')['shared_kaizala']['connectionId']"}},"method":"post","body":{"fileContent":"@body('Get_attachment_content')"},"path":"/v1/media/attachment","authentication":"@parameters('$authentication')"},"description":"Upload media to generate a Media Resource file for Kaizala."},"Append_to_array_variable_ImageMediaResource":{"runAfter":{"Upload_media_from_attachment":["Succeeded"]},"type":"AppendToArrayVariable","inputs":{"name":"imageMediaResource","value":"@body('Upload_media_from_attachment')?['mediaResource']"}}},"runAfter":{"Get_attachments":["Succeeded"]},"type":"Foreach"}},"runAfter":{"Initialize_variable_ImageMediaResource":["Succeeded"]},"expression":"@equals(triggerBody()?['{HasAttachments}'], true)","type":"If"},"Post_announcement_to_specified_group":{"runAfter":{"Check_if_list_item_has_any_attachments":["Succeeded"]},"metadata":{"flowSystemMetadata":{"swaggerOperationId":"SendActions_v2"}},"type":"ApiConnection","inputs":{"host":{"api":{"runtimeUrl":"https://firstrelease-001.azure-apim.net/apim/kaizala"},"connection":{"name":"@parameters('$connections')['shared_kaizala']['connectionId']"}},"method":"post","body":{"actionBody":{"Message":"@variables('AnnouncementBody')","Title":"@triggerBody()?['Title']","MediaResources":"@{join(variables('imageMediaResource'), ',')}"}},"path":"/groups/@{encodeURIComponent('9f48a568-7bfd-4f52-ad84-f1d7c06c16b0')}/actions","queries":{"actionType":"announcement","sendToAll":"Yes"},"authentication":"@parameters('$authentication')"},"description":"Configure Group to send the announcement."},"Initialize_variable_SiteAddress":{"runAfter":{"Initialize_variable_AnnouncementBody":["Succeeded"]},"type":"InitializeVariable","inputs":{"variables":[{"name":"SiteAddress","type":"String","value":"@triggerBody()?['{Link}']"}]}},"Initialize_variable_ListId":{"runAfter":{"Initialize_variable_SiteAddress":["Succeeded"]},"type":"InitializeVariable","inputs":{"variables":[{"name":"ListId","type":"String","value":"@{split(split(uriQuery(triggerBody()['{Link}']), 'ListId=')[1], '&')[0]}"}]}},"Initialize_variable_AnnouncementBody":{"runAfter":{},"type":"InitializeVariable","inputs":{"variables":[{"name":"AnnouncementBody","type":"String","value":"@triggerBody()?['Announcement_x0020_Body']"}]},"description":"Configure the column of the SharePoint list to pick the announcement body          from."}},"outputs":{}},"connectionReferences":{"shared_sharepointonline":{"connectionName":"shared-sharepointonl-49be8abb-9b9f-467d-990b-2005ac85cd08","source":"Embedded","id":"/providers/Microsoft.PowerApps/apis/shared_sharepointonline","tier":"NotSpecified"},"shared_kaizala":{"connectionName":"shared-kaizala-77753efb-3291-4ffd-a6f4-cfd2a166a9cc","source":"Embedded","id":"/providers/Microsoft.PowerApps/apis/shared_kaizala","tier":"NotSpecified"}},"flowFailureAlertSubscribed":false}}